phone,headline,sprechzeiten,address,url,terminvereinbarung,email,opnv
+49 (0) 80 31 / 365-11 11,Personalamt,"Persönliche Vorsprachen sind nur nach vorheriger Terminvereinbarung möglich. Erreichbarkeit telefonisch oder per E-Mail: Montag – Donnerstag, 08:00 – 12:30 und 13:30 – 17:00 Uhr, Freitag 08:00 – 13:00 Uhr",Königstraße 24 83022 Rosenheim,https://www.rosenheim.de/politik-verwaltung/karriere-beruf,,personalamt@rosenheim.de,Heilig-Geist-Straße/Stadtmitte
+49 (0) 80 31 / 365-10 16,Hauptamt Öffentlichkeitsarbeit Beschwerdemanagement,"Persönliche Vorsprachen sind nur nach vorheriger Terminvereinbarung möglich. Erreichbarkeit telefonisch oder per E-Mail: Montag – Donnerstag, 08:00 – 12:30 und 13:30 – 17:00 Uhr, Freitag 08:00 – 13:00 Uhr",Königstraße 24 83022 Rosenheim,https://www.rosenheim.de/online-dienste/wuensche-anregungen-kritik,,Beschwerdemanagement@rosenheim.de,Heilig-Geist-Straße/Stadtmitte
+49 (0) 80 31 / 365-01,Stadt Rosenheim,"Persönliche Vorsprachen sind nur nach vorheriger Terminvereinbarung möglich. Erreichbarkeit telefonisch oder per E-Mail: Montag – Donnerstag, 08:00 – 12:30 und 13:30 – 17:00 Uhr, Freitag 08:00 – 13:00 Uhr",Königstraße 24 83022 Rosenheim,https://www.rosenheim.de/politik-verwaltung/aemter-dienststellen,,poststelle@rosenheim.de,Heilig-Geist-Straße/Stadtmitte
+49 (0) 80 31 / 365-10 70,Behördlicher Datenschutzbeauftragter,"Persönliche Vorsprachen sind nur nach vorheriger Terminvereinbarung möglich. Erreichbarkeit telefonisch oder per E-Mail: Montag, 08:00 – 16:00 Uhr, Dienstag und Donnerstag 08:00 – 12:00 Uhr",Königstraße 24 83022 Rosenheim,https://www.rosenheim.de/datenschutz,,datenschutz@rosenheim.de,Heilig-Geist-Straße/Stadtmitte
+49 (0) 80 31 / 365-10 16,Hauptamt - Redaktion,"Persönliche Vorsprachen sind nur nach vorheriger Terminvereinbarung möglich. Erreichbarkeit telefonisch oder per E-Mail: Montag – Donnerstag, 08:00 – 12:30 und 13:30 – 17:00 Uhr, Freitag 08:00 – 13:00 Uhr",Königstraße 24 83022 Rosenheim,https://www.rosenheim.de/barrierefreiheit,,homepage@rosenheim.de,Heilig-Geist-Straße/Stadtmitte
+49 (0) 80 31 / 365-12 25,Stadtkasse,"Persönliche Vorsprachen sind nur nach vorheriger Terminvereinbarung möglich. Erreichbarkeit telefonisch oder per E-Mail: Montag – Donnerstag, 08:00 – 12:30 und 13:30 – 17:00 Uhr, Freitag 08:00 – 13:00 Uhr",Königstraße 13 83022 Rosenheim,https://www.rosenheim.de/zahlungsarten,,kasse@rosenheim.de,Heilig-Geist-Straße/Stadtmitte
+49 (0) 80 31 / 365-17 78,Fundamt,"Montag, Dienstag und Donnerstag 08:00 – 12:00 Uhr, Donnerstag 14:00 - 17:00 Uhr",Möslstraße 27 83024 Rosenheim,https://www.rosenheim.de/buergerservice/fundbuero,,fundamt@rosenheim.de,Römerstraße
+49 (0) 80 31 / 400-33 16,Kulturamt,"Persönliche Vorsprachen sind nur nach vorheriger Terminvereinbarung möglich. Erreichbarkeit telefonisch oder per E-Mail: Montag – Donnerstag, 08:00 – 12:30 und 13:30 – 17:00 Uhr, Freitag 08:00 – 13:00 Uhr",Ludwigsplatz 15 83022 Rosenheim,https://www.rosenheim.de/buergerservice/kulturfoerderung,,kulturamt@rosenheim.de,Heilig-Geist-Straße/Stadtmitte
+49 (0) 80 31 / 365- 12 45,Kämmerei Sachgebiet Steuern,"Persönliche Vorsprachen sind nur nach vorheriger Terminvereinbarung möglich. Erreichbarkeit telefonisch oder per E-Mail: Montag, Dienstag und Freitag 08:00 – 12:30 Uhr, Donnerstag 13:30 – 17:00 Uhr",Königstraße 24 83022 Rosenheim,https://www.rosenheim.de/buergerservice/steuern-abgaben,,steuern@rosenheim.de,Heilig-Geist-Straße/Stadtmitte
+49 (0) 80 31 / 365-83 01,Stabsstelle III Zentrale Vergabeverfahrensstelle,Persönliche Vorsprachen sind nur nach vorheriger Terminvereinbarung möglich. Erreichbarkeit telefonisch oder per E-Mail: Montag – Freitag 08:00 – 12:00 Uhr,Königstraße 13 83022 Rosenheim,https://www.rosenheim.de/unternehmerservice/ausschreibungen/vergaben,,vvs@rosenheim.de,Heilig-Geist-Straße/Stadtmitte
+49 (0) 80 31 / 365-11 05,"Wirtschaftsförderungsagentur, Publikationen","Persönliche Vorsprachen sind nur nach vorheriger Terminvereinbarung möglich. Erreichbarkeit telefonisch oder per E-Mail: Montag – Donnerstag, 08:00 – 12:30 und 13:30 – 17:00 Uhr, Freitag 08:00 – 13:00 Uhr",Königstraße 24 83022 Rosenheim,https://www.rosenheim.de/unternehmerservice/immobilien,,geschaeftszimmer.wirtschaftsfoerderung@rosenheim.de,Heilig-Geist-Straße/Stadtmitte
+49 (0) 80 31 / 365-14 61,"Sozial-, Wohnungs- und Versicherungsamt","Persönliche Vorsprachen sind nur nach vorheriger Terminvereinbarung möglich. Erreichbarkeit telefonisch oder per E-Mail: Montag – Donnerstag, 08:00 – 12:30 und 13:30 – 17:00 Uhr, Freitag 08:00 – 13:00 Uhr",Reichenbachstraße 8 83022 Rosenheim,https://www.rosenheim.de/politik-verwaltung/amtsblatt,,sozialamt@rosenheim.de,Heilig-Geist-Straße/Stadtmitte
+49 (0) 80 31 / 365-10 11,Hauptamt,"Persönliche Vorsprachen sind nur nach vorheriger Terminvereinbarung möglich. Erreichbarkeit telefonisch oder per E-Mail: Montag – Donnerstag, 08:00 – 12:30 und 13:30 – 17:00 Uhr, Freitag 08:00 – 13:00 Uhr",Königstraße 24 83022 Rosenheim,https://www.rosenheim.de/politik-verwaltung/buergerversammlungen,,hauptamt@rosenheim.de,Heilig-Geist-Straße/Stadtmitte
+49 (0) 80 31 / 365-10 27,Geschäftsstelle der Arbeitsgemeinschaft Stadt- und Umlandbereich Rosenheim,"Persönliche Vorsprachen sind nur nach vorheriger Terminvereinbarung möglich. Erreichbarkeit telefonisch oder per E-Mail: Montag – Donnerstag, 08:00 – 12:30 und 13:30 – 17:00 Uhr, Freitag 08:00 – 13:00 Uhr",Königstraße 24 83022 Rosenheim,https://www.rosenheim.de/politik-verwaltung/interkommunale-zusammenarbeit,,sur@rosenheim.de,Heilig-Geist-Straße/Stadtmitte
+49 (0) 80 31 / 365-10 00,Andreas März Oberbürgermeister,"Persönliche Vorsprachen sind nur nach vorheriger Terminvereinbarung möglich. Erreichbarkeit telefonisch oder per E-Mail: Montag – Donnerstag, 08:00 – 12:30 und 13:30 – 17:00 Uhr, Freitag 08:00 – 13:00 Uhr",Königstraße 24 83022 Rosenheim,https://www.rosenheim.de/oberbuergermeister,,oberbuergermeister@rosenheim.de,Heilig-Geist-Straße/Stadtmitte
+49 (0) 80 31 / 365-10 01,Pressestelle,"Persönliche Vorsprachen sind nur nach vorheriger Terminvereinbarung möglich. Erreichbarkeit telefonisch oder per E-Mail: Montag – Donnerstag, 08:00 – 12:30 und 13:30 – 17:00 Uhr, Freitag 08:00 – 13:00 Uhr",Königstraße 24 83022 Rosenheim,https://www.rosenheim.de/presse,,pressestelle@rosenheim.de,Heilig-Geist-Straße/Stadtmitte
+49 (0) 80 31 / 365-10 27,Hauptamt Kommunalrecht,"Persönliche Vorsprachen sind nur nach vorheriger Terminvereinbarung möglich. Erreichbarkeit telefonisch oder per E-Mail: Montag – Donnerstag, 08:00 – 12:30 und 13:30 – 17:00 Uhr, Freitag 08:00 – 13:00 Uhr",Königstraße 24 83022 Rosenheim,https://www.rosenheim.de/politik-verwaltung/stadtwappen,,hauptamt@rosenheim.de,Heilig-Geist-Straße/Stadtmitte
+49 (0) 80 31 / 365-12 52,Liegenschaftsamt - Stiftungsverwaltung,"Persönliche Vorsprachen sind nur nach vorheriger Terminvereinbarung möglich. Erreichbarkeit telefonisch oder per E-Mail: Montag – Donnerstag, 08:00 – 12:30 und 13:30 – 17:00 Uhr, Freitag 08:00 – 13:00 Uhr",Königstraße 24 83022 Rosenheim,https://www.rosenheim.de/politik-verwaltung/stiftungen/stiftungen,,stiftungsverwaltung@rosenheim.de,Heilig-Geist-Straße/Stadtmitte
+49 (0) 80 31 / 365-14 11,Schul- und Sportamt,"Persönliche Vorsprachen sind nur nach vorheriger Terminvereinbarung möglich. Erreichbarkeit telefonisch oder per E-Mail: Montag – Donnerstag, 08:00 – 12:30 und 13:30 – 17:00 Uhr, Freitag 08:00 – 13:00 Uhr",Reichenbachstraße 8 83022 Rosenheim,https://www.rosenheim.de/buergerservice/schule-studium/schuelerbefoerderung,,Schul-sportamt@rosenheim.de,Heilig-Geist-Straße/Stadtmitte
,"Amt für frühkindliche Bildung, Erziehung und Betreuung - Anmeldung Kindergärten und Kinderkrippen","Persönliche Vorsprachen sind nur nach vorheriger Terminvereinbarung möglich. Erreichbarkeit telefonisch oder per E-Mail: Montag – Donnerstag, 08:00 – 12:30 und 13:30 – 17:00 Uhr, Freitag 08:00 – 13:00 Uhr",,https://www.rosenheim.de/buergerservice/kinder-jugendliche/kinderbetreuung/anmeldung,,geschaeftszimmer.kita@rosenheim.de,Heilig-Geist-Straße/Stadtmitte
+49 (0) 80 31 / 365-16 71,Bauordnungsamt,"Persönliche Vorsprachen sind nur nach vorheriger Terminvereinbarung möglich. Erreichbarkeit telefonisch oder per E-Mail: Montag – Donnerstag, 08:00 – 12:30 und 13:30 – 17:00 Uhr, Freitag 08:00 – 13:00 Uhr",Königstraße 24 83022 Rosenheim,https://www.rosenheim.de/buergerservice/planen-bauen/abgeschlossenheitsbescheinigung,,bauordnungsamt@rosenheim.de,Heilig-Geist-Straße/Stadtmitte
+49 (0) 80 31 / 365- 12 02,Kämmerei,"Persönliche Vorsprachen sind nur nach vorheriger Terminvereinbarung möglich. Erreichbarkeit telefonisch oder per E-Mail: Montag – Donnerstag, 08:00 – 12:30 und 13:30 – 17:00 Uhr, Freitag 08:00 – 13:00 Uhr",Königstraße 24 83022 Rosenheim,https://www.rosenheim.de/buergerservice/planen-bauen/beitragswesen,,kaemmerei@rosenheim.de,Heilig-Geist-Straße/Stadtmitte
+49 (0) 80 31 / 365-16 41,Stadtplanungsamt,"Persönliche Vorsprachen sind nur nach vorheriger Terminvereinbarung möglich. Erreichbarkeit telefonisch oder per E-Mail: Montag – Donnerstag, 08:00 – 12:30 und 13:30 – 17:00 Uhr, Freitag 08:00 – 13:00 Uhr",Königstraße 24 83022 Rosenheim,https://www.rosenheim.de/buergerservice/planen-bauen/geoinformation-und-vermessung,,stadtplanung@rosenheim.de,Heilig-Geist-Straße/Stadtmitte
+49 (0) 80 31 / 365-16 21,Gutachterausschuss,"Persönliche Vorsprachen sind nur nach vorheriger Terminvereinbarung möglich. Erreichbarkeit telefonisch oder per E-Mail: Montag – Donnerstag, 08:00 – 12:30 und 13:30 – 17:00 Uhr, Freitag 08:00 – 13:00 Uhr",Kufsteiner Straße 7 83022 Rosenheim,https://www.rosenheim.de/buergerservice/planen-bauen/gutachterausschuss-aufgaben-befugnisse,,gutachterausschuss@rosenheim.de,Heilig-Geist-Straße/Stadtmitte
+49 (0) 80 31 / 365-16 19,Bauverwaltungsamt,"Persönliche Vorsprachen sind nur nach vorheriger Terminvereinbarung möglich. Erreichbarkeit telefonisch oder per E-Mail: Montag – Donnerstag, 08:00 – 12:30 und 13:30 – 17:00 Uhr, Freitag 08:00 – 13:00 Uhr",Königstraße 24 83022 Rosenheim,https://www.rosenheim.de/buergerservice/planen-bauen/heckenrueckschnitte,,bauverwaltung@rosenheim.de,Heilig-Geist-Straße/Stadtmitte
+49 (0) 80 31 / 365-16 11,Bauverwaltungsamt; Landwirtschaftlicher Grundstücksverkehr,"Persönliche Vorsprachen sind nur nach vorheriger Terminvereinbarung möglich. Erreichbarkeit telefonisch oder per E-Mail: Montag – Donnerstag, 08:00 – 12:30 und 13:30 – 17:00 Uhr, Freitag 08:00 – 13:00 Uhr",Königstraße 24 83022 Rosenheim,https://www.rosenheim.de/buergerservice/planen-bauen/landwirtschaftlicher-grundstuecksverkehr,,bauverwaltung@rosenheim.de,Heilig-Geist-Straße/Stadtmitte
+49 (0) 80 31 / 365-84 80,Stadtplanungsamt - Mietspiegel,"Persönliche Vorsprachen sind nur nach vorheriger Terminvereinbarung möglich. Erreichbarkeit telefonisch oder per E-Mail: Montag – Donnerstag, 09:00 – 13:00 Uhr",Königstraße 13 83022 Rosenheim,https://www.rosenheim.de/buergerservice/planen-bauen/mietspiegel,,mietspiegel@rosenheim.de,Heilig-Geist-Straße/Stadtmitte
+49 (0) 80 31 / 365-12 48,Zentrales Gebäudemanagement,"Persönliche Vorsprachen sind nur nach vorheriger Terminvereinbarung möglich. Erreichbarkeit telefonisch oder per E-Mail: Montag – Donnerstag, 08:00 – 12:30 und 13:30 – 17:00 Uhr, Freitag 08:00 – 13:00 Uhr",Königstraße 24 83022 Rosenheim,https://www.rosenheim.de/buergerservice/planen-bauen/staedtische-hochbauprojekte,,zgm@rosenheim.de,Heilig-Geist-Straße/Stadtmitte
+49 (0) 80 31 / 365-17 41,Tiefbauamt,"Persönliche Vorsprachen sind nur nach vorheriger Terminvereinbarung möglich. Erreichbarkeit telefonisch oder per E-Mail: Montag – Donnerstag, 08:00 – 12:30 und 13:30 – 17:00 Uhr, Freitag 08:00 – 13:00 Uhr",Königstraße 24 83022 Rosenheim,https://www.rosenheim.de/buergerservice/planen-bauen/staedtische-tiefbauprojekte,,tiefbauamt@rosenheim.de,Heilig-Geist-Straße/Stadtmitte
+49 (0) 80 31 / 365-16 19,Bauverwaltungsamt - Sondernutzungen,"Persönliche Vorsprachen sind nur nach vorheriger Terminvereinbarung möglich. Erreichbarkeit telefonisch oder per E-Mail: Montag – Donnerstag, 08:00 – 12:30 und 13:30 – 17:00 Uhr, Freitag 08:00 – 13:00 Uhr",Königstraße 24 83022 Rosenheim,https://www.rosenheim.de/unternehmerservice/gewerbe-gaststaetten/sondernutzungen,,sondernutzungen@rosenheim.de,Heilig-Geist-Straße/Stadtmitte
+49 (0) 80 31 / 365-16 11,Geschäftsstelle des Umlegungsausschusses,"Persönliche Vorsprachen sind nur nach vorheriger Terminvereinbarung möglich. Erreichbarkeit telefonisch oder per E-Mail: Montag – Donnerstag, 08:00 – 12:30 und 13:30 – 17:00 Uhr, Freitag 08:00 – 13:00 Uhr",Königstraße 24 83022 Rosenheim,https://www.rosenheim.de/buergerservice/planen-bauen/umlegungsausschuss,,umlegungsausschuss@rosenheim.de,Heilig-Geist-Straße/Stadtmitte
+49 (0) 80 31 / 365-16 11,Bauverwaltungsamt; Vorkaufsrecht der Gemeinde,"Persönliche Vorsprachen sind nur nach vorheriger Terminvereinbarung möglich. Erreichbarkeit telefonisch oder per E-Mail: Montag – Donnerstag, 08:00 – 12:30 und 13:30 – 17:00 Uhr, Freitag 08:00 – 13:00 Uhr",Königstraße 24 83022 Rosenheim,https://www.rosenheim.de/buergerservice/planen-bauen/vorkaufsrecht-der-gemeinde-beantragung-eines-negativzeugnisses,,bauverwaltung@rosenheim.de,Heilig-Geist-Straße/Stadtmitte
+49 (0) 80 31 / 365-16 15,Bauverwaltungsamt - Wohnraumförderung,"Persönliche Vorsprachen sind nur nach vorheriger Terminvereinbarung möglich. Erreichbarkeit telefonisch oder per E-Mail: Montag – Donnerstag, 08:00 – 12:30 und 13:30 – 17:00 Uhr, Freitag 08:00 – 13:00 Uhr",Königstraße 24 83022 Rosenheim,https://www.rosenheim.de/buergerservice/planen-bauen/wohnraum,,wohnraumfoerderung@rosenheim.de,Heilig-Geist-Straße/Stadtmitte
+49 (0) 80 31 / 365-89 40,Ausländerbehörde Bereich Aufenthalt,"Persönliche Vorsprachen sind nur nach vorheriger Terminvereinbarung möglich. Erreichbarkeit telefonisch oder per E-Mail: Montag – Donnerstag, 08:00 – 12:30 und 13:30 – 17:00 Uhr, Freitag 08:00 – 13:00 Uhr",Königstraße 15 83022 Rosenheim,https://www.rosenheim.de/buergerservice/migration-einreise/aufenthaltserlaubnis,,aufenthalt@rosenheim.de,Heilig-Geist-Straße/Stadtmitte
+49 (0) 80 31 / 365-89 40,Ausländerbehörde Bereich Staatsangehörigkeit,"Persönliche Vorsprachen sind nur nach vorheriger Terminvereinbarung möglich. Erreichbarkeit telefonisch oder per E-Mail: Montag – Donnerstag, 08:00 – 12:30 und 13:30 – 17:00 Uhr, Freitag 08:00 – 13:00 Uhr",Königstraße 15 83022 Rosenheim,https://www.rosenheim.de/buergerservice/migration-einreise/einbuergerung,,staatsangehoerigkeit@rosenheim.de,Heilig-Geist-Straße/Stadtmitte
+49 (0)8031/365-89 40,Ausländerbehörde Bereich eAT/Asyl,"Persönliche Vorsprachen sind nur nach vorheriger Terminvereinbarung möglich. Erreichbarkeit telefonisch oder per E-Mail: Montag – Donnerstag, 08:00 – 12:30 und 13:30 – 17:00 Uhr, Freitag 08:00 – 13:00 Uhr",Königstraße 15 83022 Rosenheim,https://www.rosenheim.de/buergerservice/migration-einreise/verpflichtungserklaerung,,eat.asyl@rosenheim.de,Heilig-Geist-Straße/Stadtmitte
+49 (0) 80 31 / 365-17 76,"Baubetriebshof, Müllabfuhr","Persönliche Vorsprachen sind nur nach vorheriger Terminvereinbarung möglich. Erreichbarkeit telefonisch oder per E-Mail: Montag – Donnerstag, 07:00 – 12:00 und 12:30 – 16:00 Uhr, Freitag 07:00 – 12:00 Uhr",,https://www.rosenheim.de/buergerservice/ver-und-entsorgung/muellabfuhr,,baubetriebshof@rosenheim.de,Westerndorfer Straße
+49 (0) 80 31 / 365-17 70,Baubetriebshof,"Persönliche Vorsprachen sind nur nach vorheriger Terminvereinbarung möglich. Erreichbarkeit telefonisch oder per E-Mail: Montag – Donnerstag, 07:00 – 12:00 und 12:30 – 16:00 Uhr, Freitag 07:00 – 12:00 Uhr",,https://www.rosenheim.de/buergerservice/sicherheit-gefahrenabwehr/winterdienst,,baubetriebshof@rosenheim.de,Westerndorfer Straße
+49 (0) 80 31 / 365-80 05,Brand- und Katastrophenschutz,"Persönliche Vorsprachen sind nur nach vorheriger Terminvereinbarung möglich. Erreichbarkeit telefonisch oder per E-Mail: Montag – Donnerstag, 08:00 – 12:30 und 13:30 – 17:00 Uhr, Freitag 08:00 – 13:00 Uhr",Küpferlingstraße 7 83022 Rosenheim,https://www.rosenheim.de/buergerservice/sicherheit-gefahrenabwehr/freiwillige-feuerwehren,,geschaeftszimmer.feuerwehr@rosenheim.de,Küpferlingstraße / BRK Seniorenheim
+49 (0) 80 31 / 365-80 05,Katastrophenschutz,"Persönliche Vorsprachen sind nur nach vorheriger Terminvereinbarung möglich. Erreichbarkeit telefonisch oder per E-Mail: Montag – Donnerstag, 08:00 – 12:30 und 13:30 – 17:00 Uhr, Freitag 08:00 – 13:00 Uhr",Küpferlingstraße 7 83022 Rosenheim,https://www.rosenheim.de/buergerservice/sicherheit-gefahrenabwehr/zivilschutz,,katastrophenschutz@rosenheim.de,Küpferlingstraße / BRK Seniorenheim
+49 (0) 80 31 / 90 09 00,Brand- und Katastrophenschutz ILS,"Persönliche Vorsprachen sind nur nach vorheriger Terminvereinbarung möglich. Erreichbarkeit telefonisch oder per E-Mail: Montag – Donnerstag, 08:00 – 12:30 und 13:30 – 17:00 Uhr, Freitag 08:00 – 13:00 Uhr",Küpferlingstraße 7 83022 Rosenheim,https://www.rosenheim.de/buergerservice/sicherheit-gefahrenabwehr/ils,,ils-verwaltung@rosenheim.de,Küpferlingstraße / BRK Seniorenheim
+49 (0) 80 31 / 365-14 13,"Amt für frühkindliche Bildung, Erziehung und Betreuung","Persönliche Vorsprachen sind nur nach vorheriger Terminvereinbarung möglich. Erreichbarkeit telefonisch oder per E-Mail: Montag – Donnerstag, 08:00 – 12:30 und 13:30 – 17:00 Uhr, Freitag 08:00 – 13:00 Uhr",,https://www.rosenheim.de/buergerservice/kinder-jugendliche/kinderbetreuung/tagespflege,,Geschaeftszimmer.kita@rosenheim.de,Heilig-Geist-Straße/Stadtmitte
+49 (0) 80 31 / 365-10 12,Hauptamt Geschäftsstelle Städtepartnerschaft Rosenheim-Lazise,"Persönliche Vorsprachen sind nur nach vorheriger Terminvereinbarung möglich. Erreichbarkeit telefonisch oder per E-Mail: Montag – Donnerstag, 08:00 – 12:30 und 13:30 – 17:00 Uhr, Freitag 08:00 – 13:00 Uhr",Königstraße 24 83022 Rosenheim,https://www.rosenheim.de/politik-verwaltung/staedtepartnerschaften/staedtepartnerschaft-mit-lazise,,hauptamt@rosenheim.de,Heilig-Geist-Straße/Stadtmitte
+49 (0) 80 31 / 365-10 46,Gleichstellungsstelle,"Persönliche Vorsprachen sind nur nach vorheriger Terminvereinbarung möglich. Erreichbarkeit telefonisch oder per E-Mail: Dienstag 08:00 – 13:00 Uhr, Mittwoch und Donnerstag 08:00 – 12:30 und 13:30 – 17:00 Uhr, Freitag 08:00 – 13:00 Uhr",Königstraße 24 83022 Rosenheim,https://www.rosenheim.de/buergerservice/gleichstellung/die-gleichstellungsbeauftragte,,gleichstellung@rosenheim.de,Heilig-Geist-Straße/Stadtmitte
+49 (0) 80 31 / 365-14 95,"Amt für Kinder, Jugendliche und Familien","Persönliche Vorsprachen sind nur nach vorheriger Terminvereinbarung möglich. Erreichbarkeit telefonisch oder per E-Mail: Montag – Donnerstag, 08:00 – 12:30 und 13:30 – 17:00 Uhr, Freitag 08:00 – 13:00 Uhr",Reichenbachstraße 8 83022 Rosenheim,https://www.rosenheim.de/buergerservice/kinder-jugendliche/adoption,,jugendamt@rosenheim.de,Heilig-Geist-Straße/Stadtmitte
+49 (0) 80 31 / 365-13 22,"Ordnungsamt, Tiere & Jagd","Persönliche Vorsprachen sind nur nach vorheriger Terminvereinbarung möglich. Erreichbarkeit telefonisch oder per E-Mail: Montag – Donnerstag, 08:00 – 12:30 und 13:30 – 17:00 Uhr, Freitag 08:00 – 13:00 Uhr",Königstraße 15 83022 Rosenheim,https://www.rosenheim.de/buergerservice/tiere-jagd/fischereiwesen,,ordnungsamt@rosenheim.de,Heilig-Geist-Straße/Stadtmitte
+49 (0) 80 31 / 365-13 22,Ordnungsamt – Gewerbe und Gaststättenwesen - Fußgängerzone,"Persönliche Vorsprachen sind nur nach vorheriger Terminvereinbarung möglich. Erreichbarkeit telefonisch oder per E-Mail: Montag – Donnerstag, 08:00 – 12:30 und 13:30 – 17:00 Uhr, Freitag 08:00 – 13:00 Uhr",Königstraße 15 83022 Rosenheim,https://www.rosenheim.de/unternehmerservice/gewerbe-gaststaetten/fussgaengerzone,,ordnungsamt@rosenheim.de,Heilig-Geist-Straße/Stadtmitte
+49 (0) 80 31 / 365-13 53,Ordnungsamt,"Persönliche Vorsprachen sind nur nach vorheriger Terminvereinbarung möglich. Erreichbarkeit telefonisch oder per E-Mail: Montag – Donnerstag, 08:00 – 12:30 und 13:30 – 17:00 Uhr, Freitag 08:00 – 13:00 Uhr",Königstraße 15 83022 Rosenheim,https://www.rosenheim.de/buergerservice/berufsausbildung/heilpraktiker-in,,ordnungsamt@rosenheim.de,Heilig-Geist-Straße/Stadtmitte
+49 (0) 80 31 / 365-13 22,"Ordnungsamt, Kampfhundehaltung","Persönliche Vorsprachen sind nur nach vorheriger Terminvereinbarung möglich. Erreichbarkeit telefonisch oder per E-Mail: Montag – Donnerstag, 08:00 – 12:30 und 13:30 – 17:00 Uhr, Freitag 08:00 – 13:00 Uhr",Königstraße 15 83022 Rosenheim,https://www.rosenheim.de/buergerservice/tiere-jagd/kampfhunde/gefaehrliche-tiere,,ordnungsamt@rosenheim.de,Heilig-Geist-Straße/Stadtmitte
+49 (0) 80 31 / 365-1351,"Ordnungsamt, Prostitution","Persönliche Vorsprachen sind nur nach vorheriger Terminvereinbarung möglich. Erreichbarkeit telefonisch oder per E-Mail: Montag – Donnerstag, 08:00 – 12:30 und 13:30 – 17:00 Uhr, Freitag 08:00 – 13:00 Uhr",,https://www.rosenheim.de/unternehmerservice/selbststaendigkeit/prostitution,,ordnungsamt@rosenheim.de,Heilig-Geist-Straße/Stadtmitte
+49 (0) 80 31 / 365-13 20,"Ordnungsamt, Waffenwesen","Persönliche Vorsprachen sind nur nach vorheriger Terminvereinbarung möglich. Erreichbarkeit telefonisch oder per E-Mail: Montag – Donnerstag, 08:00 – 12:30 und 13:30 – 17:00 Uhr, Freitag 08:00 – 13:00 Uhr",Königstraße 15 83022 Rosenheim,https://www.rosenheim.de/buergerservice/sicherheit-gefahrenabwehr/waffenrecht,,ordnungsamt@rosenheim.de,Heilig-Geist-Straße/Stadtmitte
+49 (0) 80 31 / 365-13 20,"Ordnungsamt, Sprengstoffwesen","Persönliche Vorsprachen sind nur nach vorheriger Terminvereinbarung möglich. Erreichbarkeit telefonisch oder per E-Mail: Montag – Donnerstag, 08:00 – 12:30 und 13:30 – 17:00 Uhr, Freitag 08:00 – 13:00 Uhr",Königstraße 15 83022 Rosenheim,https://www.rosenheim.de/buergerservice/sicherheit-gefahrenabwehr/sprengstoffrecht,,ordnungsamt@rosenheim.de,Heilig-Geist-Straße/Stadtmitte
+49 (0) 80 31 / 365-18 62,"Ordnungsamt, Bodenschutz","Persönliche Vorsprachen sind nur nach vorheriger Terminvereinbarung möglich. Erreichbarkeit telefonisch oder per E-Mail: Montag – Donnerstag, 08:00 – 12:30 und 13:30 – 17:00 Uhr, Freitag 08:00 – 13:00 Uhr",Königstraße 15 83022 Rosenheim,https://www.rosenheim.de/buergerservice/umwelt/bodenschutz,,ordnungsamt@rosenheim.de,Heilig-Geist-Straße/Stadtmitte
+49 (0) 80 31 / 408-94 0,Jobcenter Rosenheim Stadt,,Mühlbachbogen 3 83022 Rosenheim,https://www.rosenheim.de/buergerservice/sozialleistungen/arbeitslosengeld-buergergeld,,Jobcenter-Rosenheim@jobcenter-ge.de,Klinikum
+49 (0) 80 31 / 365-14 61,"Sozial-, Wohnungs- und Versicherungsamt - Bafög","Persönliche Vorsprachen sind nur nach vorheriger Terminvereinbarung möglich. Erreichbarkeit telefonisch oder per E-Mail: Montag – Donnerstag, 08:00 – 12:30 und 13:30 – 17:00 Uhr, Freitag 08:00 – 13:00 Uhr",Reichenbachstraße 8 83022 Rosenheim,https://www.rosenheim.de/buergerservice/sozialleistungen/bafoeg,,bafoeg@rosenheim.de,Heilig-Geist-Straße/Stadtmitte
+49 (0) 80 31 / 365-17 41,Stadtentwässerung,"Persönliche Vorsprachen sind nur nach vorheriger Terminvereinbarung möglich. Erreichbarkeit telefonisch oder per E-Mail: Montag – Donnerstag, 08:00 – 12:30 und 13:30 – 17:00 Uhr, Freitag 08:00 – 13:00 Uhr",Königstraße 24 83022 Rosenheim,https://www.rosenheim.de/buergerservice/ver-und-entsorgung/abwasser-wissenswertes,,stadtentwaesserung@rosenheim.de,Heilig-Geist-Straße/Stadtmitte
+49 (0) 80 31 / 365-16 81,Umwelt- und Grünflächenamt,"Persönliche Vorsprachen sind nur nach vorheriger Terminvereinbarung möglich. Erreichbarkeit telefonisch oder per E-Mail: Montag – Donnerstag, 08:00 – 12:30 und 13:30 – 17:00 Uhr, Freitag 08:00 – 13:00 Uhr",Königstraße 15 83022 Rosenheim,https://www.rosenheim.de/buergerservice/tiere-jagd/artenschutz/allgemeiner-artenschutz,,umweltamt@rosenheim.de,Heilig-Geist-Straße/Stadtmitte
+49 (0) 80 31 / 365-16 88,"Umwelt- und Grünflächenamt, Klimaschutz","Persönliche Vorsprachen sind nur nach vorheriger Terminvereinbarung möglich. Erreichbarkeit telefonisch oder per E-Mail: Montag – Donnerstag, 08:00 – 12:30 und 13:30 – 17:00 Uhr, Freitag 08:00 – 13:00 Uhr",Königstraße 15 83022 Rosenheim,https://www.rosenheim.de/buergerservice/umwelt/klimaschutz-durch-vernetzung-und-innovation,,umweltamt@rosenheim.de,Heilig-Geist-Straße/Stadtmitte
+49 (0) 80 31 / 365-16 95,Umwelt- und Grünflächenamt Friedhofsverwaltung,"Persönliche Vorsprachen: Montag bis Donnerstag 08:00 - 12:30 Uhr und Montag 13:30 Uhr - 17:00 Uhr und Freitag 08:00 Uhr - 13:00 Uhr oder nach telefonischer VereinbarungTelefonische Erreichbarkeit: Montag - Donnerstag 08:00 - 12:30 Uhr und 13:30 Uhr bis 17:00 Uhr, Freitag 08:00 Uhr bis 13:00 Uhr",,https://www.rosenheim.de/buergerservice/sterbefall/friedhoefe,,friedhof@rosenheim.de,Heilig-Geist-Straße/Stadtmitte
+49 (0) 80 31 / 365-13 16,"Ordnungsamt, Straßenverkehrsbehörde","Persönliche Vorsprachen sind nur nach vorheriger Terminvereinbarung möglich. Erreichbarkeit telefonisch oder per E-Mail: Montag – Donnerstag, 08:00 – 12:30 und 13:30 – 17:00 Uhr, Freitag 08:00 – 13:00 Uhr",Königstraße 15 83022 Rosenheim,https://www.rosenheim.de/buergerservice/mobilitaet/ausnahmegenehmigung-handwerker,,verkehr@rosenheim.de,Heilig-Geist-Straße/Stadtmitte
+49 (0) 80 31 / 365-13 30,Kfz-Zulassung / Fahrerlaubnis,"Persönliche Vorsprachen sind nur nach vorheriger Terminvereinbarung möglich. Erreichbarkeit telefonisch oder per E-Mail: Montag – Donnerstag, 08:00 – 12:30 und 13:30 – 17:00 Uhr, Freitag 08:00 – 13:00 Uhr",Westerndorfer Straße 88 83024 Rosenheim,https://www.rosenheim.de/buergerservice/mobilitaet/taxi-und-mietwagenverkehr,Online Terminvereinbarung,kfz@rosenheim.de,Römerstraße
+49 (0) 80 31 / 365-13 18,"Ordnungsamt, Straßenverkehrsbehörde, Verkehrsrechtliche Anordnung","Persönliche Vorsprachen sind nur nach vorheriger Terminvereinbarung möglich. Erreichbarkeit telefonisch oder per E-Mail: Montag – Donnerstag, 08:00 – 12:30 und 13:30 – 17:00 Uhr, Freitag 08:00 – 13:00 Uhr",Königstraße 15 83022 Rosenheim,https://www.rosenheim.de/buergerservice/mobilitaet/verkehrsrechtliche-anordnung,,verkehr@rosenheim.de,Heilig-Geist-Straße/Stadtmitte
+49 (0) 80 31 / 365-11 06,Wirtschaftsförderungsagentur,"Persönliche Vorsprachen sind nur nach vorheriger Terminvereinbarung möglich. Erreichbarkeit telefonisch oder per E-Mail: Montag – Donnerstag, 08:00 – 12:30 und 13:30 – 17:00 Uhr, Freitag 08:00 – 13:00 Uhr",Königstraße 24 83022 Rosenheim,https://www.rosenheim.de/unternehmerservice/selbststaendigkeit/existenzgruendung#c2977,,geschaeftszimmer.wirtschaftsfoerderung@rosenheim.de,Heilig-Geist-Straße/Stadtmitte
+49 (0) 80 31 / 365-11 08,"Wirtschaftsförderung, Fördermittelberatung","Persönliche Vorsprachen sind nur nach vorheriger Terminvereinbarung möglich. Erreichbarkeit telefonisch oder per E-Mail: Montag – Donnerstag, 08:00 – 12:30 und 13:30 – 17:00 Uhr, Freitag 08:00 – 13:00 Uhr",Königstraße 24 83022 Rosenheim,https://www.rosenheim.de/unternehmerservice/selbststaendigkeit/foerdermittelberatung,,geschaeftszimmer.wirtschaftsfoerderung@rosenheim.de,Heilig-Geist-Straße/Stadtmitte
+49 (0) 80 31 / 365-13 61,Bürgeramt,"Persönliche Vorsprachen sind nur nach vorheriger Terminvereinbarung möglich. Erreichbarkeit telefonisch oder per E-Mail: Montag – Donnerstag, 08:00 – 12:30 und 13:30 – 17:00 Uhr, Freitag 08:00 – 13:00 Uhr",Königstraße 15 83022 Rosenheim,https://www.rosenheim.de/buergerservice/ausweise-dokumente/amtliche-beglaubigung,Online Terminvereinbarung,buergeramt@rosenheim.de,Heilig-Geist-Straße/Stadtmitte
+49 (0) 80 31 / 365-13 94,"Bürgeramt, Standesamt","Persönliche Vorsprachen sind nur nach vorheriger Terminvereinbarung möglich. Erreichbarkeit telefonisch oder per E-Mail: Montag – Donnerstag, 08:00 – 12:30 und 13:30 – 17:00 Uhr, Freitag 08:00 – 13:00 Uhr",Königstraße 15 83022 Rosenheim,https://www.rosenheim.de/buergerservice/urkundenwesen,Online Terminvereinbarung,standesamt@rosenheim.de,Heilig-Geist-Straße/Stadtmitte
+49 (0) 80 31 / 365-15 88,"Amt für Kinder, Jugendliche und Familien; Koordinierungsstelle Frühe Kindheit","Persönliche Vorsprachen sind nur nach vorheriger Terminvereinbarung möglich. Erreichbarkeit telefonisch oder per E-Mail: Montag – Donnerstag, 08:00 – 12:30 und 13:30 – 17:00 Uhr, Freitag 08:00 – 13:00 Uhr",Reichenbachstraße 8 83022 Rosenheim,https://www.rosenheim.de/buergerservice/geburt/koordinierungsstelle-fruehe-kindheit,,koki@rosenheim.de,Heilig-Geist-Straße/Stadtmitte
+49 (0) 80 31 / 365-83 45,Verfahrenslotsen,"Persönliche Vorsprachen sind nur nach vorheriger Terminvereinbarung möglich. Erreichbarkeit telefonisch oder per E-Mail: Montag – Donnerstag, 08:00 – 12:30 und 13:30 – 17:00 Uhr",,https://www.rosenheim.de/buergerservice/kinder-jugendliche/junge-menschen-mit-behinderung,,verfahrenslotsen@rosenheim.de,Heilig-Geist-Straße/Stadtmitte
+49 (0) 80 31 / 365-15 14,Verwaltung Kindertagesstätten,"Persönliche Vorsprachen sind nur nach vorheriger Terminvereinbarung möglich. Erreichbarkeit telefonisch oder per E-Mail: Montag – Donnerstag, 08:00 – 12:30 und 13:30 – 17:00 Uhr, Freitag 08:00 – 13:00 Uhr",Reichenbachstraße 6 83022 Rosenheim,https://www.rosenheim.de/buergerservice/kinder-jugendliche/kinderbetreuung/alle-kitas,,Geschaeftszimmer.kita@rosenheim.de,Heilig-Geist-Straße/Stadtmitte
+49 (0) 80 31 / 365-14 11,"Amt für Schulen, Kinderbetreuung und Sport","Persönliche Vorsprachen sind nur nach vorheriger Terminvereinbarung möglich. Erreichbarkeit telefonisch oder per E-Mail: Montag – Donnerstag, 08:00 – 12:30 und 13:30 – 17:00 Uhr, Freitag 08:00 – 13:00 Uhr",Reichenbachstraße 8 83022 Rosenheim,https://www.rosenheim.de/buergerservice/kinder-jugendliche/kinderbetreuung/integration/inklusion,,schul-sportamt@rosenheim.de,Heilig-Geist-Straße/Stadtmitte
+49 (0) 80 31 / 365-84 43,Fahrerlaubnisbehörde,"Persönliche Vorsprachen sind nur nach vorheriger Terminvereinbarung möglich. Erreichbarkeit telefonisch oder per E-Mail: Montag – Donnerstag, 08:00 – 12:30 und 13:30 – 17:00 Uhr, Freitag 08:00 – 13:00 Uhr",Westerndorfer Straße 88 83024 Rosenheim,https://www.rosenheim.de/buergerservice/mobilitaet/fahrerlaubnis-fuererschein/aktuelles,Online Terminvereinbarung,fahrerlaubnis@rosenheim.de,Römerstraße
+49 (0) 80 31 / 365-13 37,Kfz-Zulassungsbehörde,"Persönliche Vorsprachen sind nur nach vorheriger Terminvereinbarung möglich. Erreichbarkeit telefonisch oder per E-Mail: Montag – Donnerstag, 08:00 – 12:30 und 13:30 – 17:00 Uhr, Freitag 08:00 – 13:00 Uhr",Westerndorfer Straße 88 83024 Rosenheim,https://www.rosenheim.de/buergerservice/mobilitaet/kfz-zulassung/erweiterte-zustaendigkeit,Online Terminvereinbarung,kfz@rosenheim.de,Römerstraße
+49 (0) 80 31 / 365-10 81,Seniorenbeirat,Beratungstelefon+49 (0) 80 31 / 365-10 81Mo bis Fr von 10:00 - 13:00 UhrAußerhalb der Beratungszeit wird der Anruf auf die Mailbox umgeleitet und es erfolgt ein Rückruf.,,https://www.rosenheim.de/buergerservice/senioren/seniorenbeirat,,seniorenbeirat@rosenheim.de,
+49 (0) 80 31 / 365-13 22,Ordnungsamt - Drohnenverordnung,"Persönliche Vorsprachen sind nur nach vorheriger Terminvereinbarung möglich. Erreichbarkeit telefonisch oder per E-Mail: Montag – Donnerstag, 08:00 – 12:30 und 13:30 – 17:00 Uhr, Freitag 08:00 – 13:00 Uhr",Königstraße 15 83022 Rosenheim,https://www.rosenheim.de/buergerservice/sicherheit-gefahrenabwehr/drohnenverordnung,,ordnungsamt@rosenheim.de,Heilig-Geist-Straße/Stadtmitte
+49 (0) 80 31 / 365-13 22,Ordnungsamt - SiSa-Hotline,"Persönliche Vorsprachen sind nur nach vorheriger Terminvereinbarung möglich. Erreichbarkeit telefonisch oder per E-Mail: Montag – Donnerstag, 08:00 – 12:30 und 13:30 – 17:00 Uhr, Freitag 08:00 – 13:00 Uhr",Königstraße 15 83022 Rosenheim,https://www.rosenheim.de/buergerservice/sicherheit-gefahrenabwehr/sisa-hotline,,ordnungsamt@rosenheim.de,Heilig-Geist-Straße/Stadtmitte
+49 (0) 8031 / 365-13 22,"Ordnungsamt, Veranstaltungen/Versammlungen","Persönliche Vorsprachen sind nur nach vorheriger Terminvereinbarung möglich. Erreichbarkeit telefonisch oder per E-Mail: Montag - Donnerstag 08:00 - 12:30 und 13:30 - 17:00 Uhr, Freitag 08:00 - 13:00 Uhr",,https://www.rosenheim.de/buergerservice/sicherheit-gefahrenabwehr/veranstaltungen/versammlungen,,ordnungsamt@rosenheim.de,Heilig-Geist-Straße/Stadtmitte
+49 (0) 80 31 / 365-13 43,"Ordnungsamt, Straßenverkehrsbehörde, Kommunale Verkehrsüberwachung","Persönliche Vorsprachen sind nur nach vorheriger Terminvereinbarung möglich. Erreichbarkeit telefonisch oder per E-Mail: Montag – Donnerstag, 08:00 – 12:30 und 13:30 – 17:00 Uhr, Freitag 08:00 – 13:00 Uhr",Königstraße 13 83022 Rosenheim,https://www.rosenheim.de/buergerservice/sicherheit-gefahrenabwehr/verkehrsueberwachung,,verkehrsueberwachung@rosenheim.de,Heilig-Geist-Straße/Stadtmitte
+49 (0) 80 31 / 365-14 61,"Sozial-, Wohnungs- und Versicherungsamt; Betreuungsstelle","Persönliche Vorsprachen sind nur nach vorheriger Terminvereinbarung möglich. Erreichbarkeit telefonisch oder per E-Mail: Montag – Donnerstag, 08:00 – 12:30 und 13:30 – 17:00 Uhr, Freitag 08:00 – 13:00 Uhr",,https://www.rosenheim.de/buergerservice/sozialleistungen/betreuung-fuer-erwachsene/betreuungsstelle,,betreuungsstelle@rosenheim.de,
+49 (0) 80 31 / 365-13 52,"Ordnungsamt, Gewerbewesen","Persönliche Vorsprachen sind nur nach vorheriger Terminvereinbarung möglich. Erreichbarkeit telefonisch oder per E-Mail: Montag – Freitag 08:00 – 12:30 Uhr, Donnerstag zusätzlich 13:30 - 17:00 Uhr",Königstraße 15 83022 Rosenheim,https://www.rosenheim.de/buergerservice/tiere-jagd/veteritaerwesen,,ordnungsamt@rosenheim.de,Heilig-Geist-Straße/Stadtmitte
+49 (0) 8031 / 365–8309,Koordination für kommunale Entwicklungspolitik,"Persönliche Vorsprachen sind nur nach vorheriger Terminvereinbarung möglich. Erreichbarkeit telefonisch oder per E-Mail: Montag – Donnerstag, 08:00 – 17:00 Uhr und Freitag 08:00 - 12:00 Uhr.",,https://www.rosenheim.de/buergerservice/umwelt/faire-nachhaltige-beschaffung,,Stella.Benedickt@rosenheim.de,
+49 (0) 80 31 / 365-18 62,"Ordnungsamt, Immissionsschutz","Persönliche Vorsprachen sind nur nach vorheriger Terminvereinbarung möglich. Erreichbarkeit telefonisch oder per E-Mail: Montag – Donnerstag, 08:00 – 12:30 und 13:30 – 17:00 Uhr, Freitag 08:00 – 13:00 Uhr",Königstraße 15 83022 Rosenheim,https://www.rosenheim.de/buergerservice/umwelt/bodenschutz/imissionsschutz,,ordnungsamt@rosenheim.de,Heilig-Geist-Straße/Stadtmitte
+49 (0) 80 31 / 365-18 63,"Ordnungsamt, Wasserrecht","Persönliche Vorsprachen sind nur nach vorheriger Terminvereinbarung möglich. Erreichbarkeit telefonisch oder per E-Mail: Montag – Donnerstag, 08:00 – 12:30 und 13:30 – 17:00 Uhr, Freitag 08:00 – 13:00 Uhr",Königstraße 15 83022 Rosenheim,https://www.rosenheim.de/buergerservice/umwelt/wasserrecht,,ordnungsamt@rosenheim.de,Heilig-Geist-Straße/Stadtmitte
+49 (0) 80 31 / 365-13 57,Ordnungsamt Verbraucherschutz und Lebensmittelüberwachung,"Persönliche Vorsprachen sind nur nach vorheriger Terminvereinbarung möglich. Erreichbarkeit telefonisch oder per E-Mail: Montag – Donnerstag, 08:00 – 12:30 und 13:30 – 17:00 Uhr, Freitag 08:00 – 13:00 Uhr",Königstraße 15 83022 Rosenheim,https://www.rosenheim.de/buergerservice/verbraucherschutz/verbraucherschutz-lebensmittelueberwachung,,ordnungsamt@rosenheim.de,Heilig-Geist-Straße/Stadtmitte
+49 (0) 80 31 365-16 92,"Umwelt- und Grünflächenamt, Biogut","Persönliche Vorsprachen sind nur nach vorheriger Terminvereinbarung möglich. Erreichbarkeit telefonisch oder per E-Mail: Montag – Donnerstag, 08:00 – 12:30 und 13:30 – 17:00 Uhr, Freitag 08:00 – 13:00 Uhr",,https://www.rosenheim.de/buergerservice/ver-und-entsorgung/biogut,,umweltamt@rosenheim.de,Heilig-Geist-Straße/Stadtmitte
+49 (0) 80 31 / 365-13 59,Ordnungsamt – Gewerbe und Gaststättenwesen,"Persönliche Vorsprachen sind nur nach vorheriger Terminvereinbarung möglich. Erreichbarkeit telefonisch oder per E-Mail: Montag – Donnerstag, 08:00 – 12:30 und 13:30 – 17:00 Uhr, Freitag 08:00 – 13:00 Uhr",Königstraße 15 83022 Rosenheim,https://www.rosenheim.de/unternehmerservice/gewerbe-gaststaetten/gaststaettenrecht,,ordnungsamt@rosenheim.de,Heilig-Geist-Straße/Stadtmitte
+49 (0) 80 31 / 365-10 17,Hauptamt-Öffentlichkeitsarbeit,"Persönliche Vorsprachen sind nur nach vorheriger Terminvereinbarung möglich. Erreichbarkeit telefonisch oder per E-Mail: Montag – Donnerstag, 08:00 – 12:30 und 13:30 – 17:00 Uhr, Freitag 08:00 – 13:00 Uhr",Königstraße 24 83022 Rosenheim,https://www.rosenheim.de/politik-verwaltung/ehrungen/staedtische-ehrungen,,hauptamt@rosenheim.de,Heilig-Geist-Straße/Stadtmitte
+49 (0) 80 31 / 365-11 35,Personalamt - Ausbildung,"Persönliche Vorsprachen sind nur nach vorheriger Terminvereinbarung möglich. Erreichbarkeit telefonisch oder per E-Mail: Montag – Donnerstag, 08:00 – 12:30 und 13:30 – 17:00 Uhr, Freitag 08:00 – 13:00 Uhr",Königstraße 24 83022 Rosenheim,https://www.rosenheim.de/politik-verwaltung/karriere-beruf/ausbildung-und-praktika/schnupperpraktikum,,ausbildung@rosenheim.de,Heilig-Geist-Straße/Stadtmitte
+49 (0) 80 31 / 365-11 51,EDV,"Persönliche Vorsprachen sind nur nach vorheriger Terminvereinbarung möglich. Erreichbarkeit telefonisch oder per E-Mail: Montag – Donnerstag, 08:00 – 12:30 und 13:30 – 17:00 Uhr, Freitag 08:00 – 13:00 Uhr",Bayerstraße 5 83022 Rosenheim,https://www.rosenheim.de/politik-verwaltung/karriere-beruf/ausbildung-und-praktika/duales-studium-dipl-verwaltungsinformatiker-in,,edv@rosenheim.de,Heilig-Geist-Straße/Stadtmitte
+49 (0) 80 31 / 365-14 43,Stadtbibliothek,"Persönliche Vorsprachen sind nur nach vorheriger Terminvereinbarung möglich. Erreichbarkeit telefonisch oder per E-Mail: Montag – Donnerstag, 08:00 – 12:30 und 13:30 – 17:00 Uhr, Freitag 08:00 – 13:00 Uhr",Am Salzstadel 15 83022 Rosenheim,https://www.rosenheim.de/politik-verwaltung/karriere-beruf/ausbildung-und-praktika/fachangestellte-r-fuer-medien-und-informationsdienste,,stadtbibliothek@rosenheim.de,Heilig-Geist-Straße/Stadtmitte
+49 (0) 80 31 / 365-14 01,Dezernat IV – Geschäftsstelle Städtepartnerschaft Rosenheim-Ichikawa,"Persönliche Vorsprachen sind nur nach vorheriger Terminvereinbarung möglich. Erreichbarkeit telefonisch oder per E-Mail: Montag – Donnerstag, 08:00 – 12:30 und 13:30 – 17:00 Uhr, Freitag 08:00 – 13:00 Uhr",Reichenbachstraße 8 83022 Rosenheim,https://www.rosenheim.de/politik-verwaltung/staedtepartnerschaften/staedtepartnerschaft-mit-ichikawa,,dezernat4@rosenheim.de,Heilig-Geist-Straße/Stadtmitte
+49 (0) 80 31 / 365-13 64,Wahlamt Landtags- und Bezirkswahl 2023,"Montag – Donnerstag: 07:30 – 12:30 Uhr und 13:30 – 17:00 UhrFreitag: 07:30 – 12:00 UhrFreitag, 06.10.2023: 07:30 – 15:00 UhrSamstag, 07.10.2023: 08:00 – 12:00 UhrSonntag, 08.10.2023: 08:00 – 15:00 Uhr",Am Nörreut 17a 83022 Rosenheim,https://www.rosenheim.de/politik-verwaltung/wahlen-buergerbeteiligung/landtags-und-bezirkswahl-2023,,wahlamt@rosenheim.de,Heilig-Geist-Straße/Stadtmitte
+49 (0) 80 31 / 365-13 64,"Bürgeramt, Wahlamt","Persönliche Vorsprachen sind nur nach vorheriger Terminvereinbarung möglich. Erreichbarkeit telefonisch oder per E-Mail: Montag – Donnerstag, 08:00 – 12:30 und 13:30 – 17:00 Uhr, Freitag 08:00 – 13:00 Uhr",Am Nörreut 17a 83022 Rosenheim,https://www.rosenheim.de/politik-verwaltung/wahlen-buergerbeteiligung/schoeffenwahl,,wahlamt@rosenheim.de,Heilig-Geist-Straße/Stadtmitte
